regime,regime_name,Ann_Return,Ann_Vol,Sharpe,count
0,Sideways,-2.529038128054949,19.474165658911453,-0.129866304220396,1068
1,Bull,23.782633944029318,17.796608131300793,1.3363575602251088,1307
2,High-Vol,7.445477251145287,25.687741154735193,0.2898455238310165,1497
3,Bull-3,20.377633956779224,18.502373698696132,1.1013523205334805,1247
