{
  "n_states": 4,
  "labels": {
    "1": "High Vol Bear",
    "3": "Sideways",
    "2": "Sideways",
    "0": "Bull"
  },
  "stats": {
    "0": {
      "count": 1529,
      "pct_time": 29.47185813415574,
      "mean_return": 0.0008927319269530917,
      "mean_vol": 0.005995022659736458,
      "sharpe": 2.3370293843384324,
      "skew": 0.0289448956282198,
      "kurt": 0.1372197902843677,
      "dur_mean": 78.60606060606061,
      "dur_max": 644
    },
    "1": {
      "count": 533,
      "pct_time": 10.273708558211258,
      "mean_return": -0.000534110761057359,
      "mean_vol": 0.027076270288894495,
      "sharpe": -0.2933759207068157,
      "skew": -0.1331752293071081,
      "kurt": 3.133605415403389,
      "dur_mean": 273.05263157894734,
      "dur_max": 1585
    },
    "2": {
      "count": 1915,
      "pct_time": 36.91210485736315,
      "mean_return": 0.0005930346473784249,
      "mean_vol": 0.009113883742113018,
      "sharpe": 1.0487203492429276,
      "skew": -0.11604186514809765,
      "kurt": 0.14849424682172918,
      "dur_mean": 39.00751879699248,
      "dur_max": 479
    },
    "3": {
      "count": 1211,
      "pct_time": 23.342328450269854,
      "mean_return": 0.0002679340844976163,
      "mean_vol": 0.013811227173716368,
      "sharpe": 0.3031139076083154,
      "skew": -0.2740251329754562,
      "kurt": 0.8161979172509692,
      "dur_mean": 57.644444444444446,
      "dur_max": 450
    }
  },
  "transition_matrix": [
    [
      0.9766437094688851,
      1.4206054957321856e-24,
      0.021644737067420806,
      0.0017115534636940532
    ],
    [
      2.1676980001547564e-182,
      0.9822678853376839,
      2.667989635291875e-135,
      0.017732114662316154
    ],
    [
      0.01913263553039453,
      0.0006130176635420397,
      0.9632806546062775,
      0.016973692199785936
    ],
    [
      5.909091373768579e-57,
      0.006811658644254708,
      0.03089535254063008,
      0.9622929888151153
    ]
  ]
}